"player_name","player_id","year","xwoba","xba","xslg","xiso","xobp","brl","brl_percent","exit_velocity","max_ev","hard_hit_percent","k_percent","bb_percent","whiff_percent","chase_percent","arm_strength","xera","fb_velocity","fb_spin","curve_spin"
"Tyler Holton","663947","2024",76,68,68,65,79,62,72,84,57,90,40,90,35,99,,75,14,46,
"Yennier Cano","666974","2024",49,37,51,59,38,75,80,18,31,26,36,30,78,98,,47,72,12,
"Ben Brown","676962","2024",17,20,20,19,29,16,9,1,12,1,74,41,85,58,,17,89,41,18
"Michael Grove","675627","2024",80,88,91,88,68,50,42,78,2,79,89,61,89,94,,89,77,61,
"Carlos Carrasco","471911","2024",18,21,19,16,24,21,59,16,8,38,19,39,29,31,,18,10,26,78
"Michael Lorenzen","547179","2024",31,47,45,47,24,34,67,81,4,40,34,14,30,49,,31,50,66,
"MacKenzie Gore","669022","2024",55,44,66,77,45,21,44,86,29,69,77,53,69,45,,53,90,63,29
"Tanner Houck","656557","2024",72,44,72,82,70,34,88,16,20,21,63,87,37,68,,72,37,36,
"T.J. McFarland","519008","2024",98,73,97,100,90,98,98,98,6,92,7,93,10,61,,98,1,3,
"Brad Keller","641745","2024",16,31,4,3,52,29,2,23,13,61,18,54,38,59,,16,28,33,
"Yusei Kikuchi","579328","2024",90,72,84,88,86,12,53,33,1,33,71,81,46,33,,88,77,55,38
"Nick Pivetta","601713","2024",65,79,16,3,97,25,4,67,77,77,87,98,70,68,,66,58,80,
"Patrick Sandoval","663776","2024",62,42,69,81,50,34,82,79,21,69,58,41,66,53,,61,42,5,79
"Raisel Iglesias","628452","2024",78,60,82,90,70,94,96,64,91,65,12,72,44,51,,78,63,58,
"Framber Valdez","664285","2024",49,26,54,73,42,50,86,5,49,4,35,66,54,40,,48,46,26,92
"Slade Cecconi","677944","2024",67,82,49,23,82,29,42,64,54,63,16,77,13,6,,66,52,71,
"John Schreiber","670167","2024",55,27,65,85,50,75,83,75,19,75,18,79,5,37,,53,25,19,
"Victor Vodnik","680767","2024",67,49,79,89,54,75,89,56,81,21,30,35,15,24,,66,94,59,
"Mike Baumann","657508","2024",71,80,82,81,57,86,90,20,70,45,33,21,52,19,,71,85,62,23
"Kyle Hendricks","543294","2024",4,2,3,11,11,25,44,87,12,81,15,61,6,71,,4,1,7,
"Brayan Bello","678394","2024",36,29,21,19,59,25,39,56,38,34,40,78,50,64,,35,74,6,
"Adrian Houser","605288","2024",10,14,21,34,5,21,49,18,45,44,2,11,6,4,,9,23,13,
"Graham Ashcraft","668933","2024",32,30,31,40,40,16,56,10,12,13,27,48,28,32,,32,65,74,
"Jesse Chavez","445926","2024",51,51,48,46,50,62,59,64,51,81,16,27,8,29,,53,7,8,
"Trent Thornton","663423","2024",87,76,87,89,81,75,75,75,76,90,56,76,40,83,,94,65,92,
"Hunter Strickland","519326","2024",95,76,90,93,94,86,92,62,30,81,47,93,47,40,,93,42,61,
"Chase Anderson","502624","2024",34,31,33,41,36,41,39,93,20,93,2,43,33,8,,34,37,39,
"Clay Holmes","605280","2024",81,78,85,85,76,75,76,75,50,73,72,68,73,36,,81,86,34,
"Chris Paddack","663978","2024",39,25,21,20,67,1,15,30,5,34,42,88,49,78,,40,41,42,9
"Ty Blach","621389","2024",12,1,14,50,17,41,42,27,10,39,1,88,1,55,,14,3,7,
"Justin Steele","657006","2024",55,44,32,30,73,62,60,15,10,11,49,76,11,84,,53,23,87,
"Justin Lawrence","664875","2024",25,17,60,88,6,86,90,8,45,30,51,9,57,24,,30,77,86,
"Thyago Vieira","600986","2024",9,21,11,7,10,34,13,62,3,21,58,15,63,37,,10,93,41,
"Josh Winckowski","670174","2024",12,11,17,23,10,41,53,42,34,10,16,34,26,49,,14,70,7,
"Carlos Rodón","607074","2024",20,32,15,8,40,1,12,6,32,12,56,68,57,53,,21,72,85,
"Jordan Montgomery","656756","2024",23,9,26,56,24,50,83,50,64,69,8,56,23,57,,24,15,34,21
"Jon Gray","592351","2024",46,24,43,58,50,12,53,13,20,23,59,63,67,78,,55,58,10,
"Ryan Feltner","663372","2024",55,41,46,53,65,16,59,81,35,55,32,73,40,36,,53,63,71,
"Kutter Crawford","676710","2024",74,74,71,63,76,21,68,79,38,87,60,59,55,86,,74,29,93,
"Merrill Kelly","518876","2024",74,84,50,21,89,41,27,82,61,97,52,73,52,85,,74,26,76,
"Corbin Burnes","669203","2024",86,78,77,70,86,12,51,60,7,63,70,75,80,88,,85,,,89
"Joe Ryan","657746","2024",87,79,66,54,94,4,28,56,2,58,76,93,53,76,,86,44,50,
"Aaron Civale","650644","2024",42,27,37,48,52,12,46,30,22,34,54,65,31,63,,43,21,71,96
"Kyle Freeland","607536","2024",2,1,7,37,2,50,56,20,3,65,1,38,3,26,,2,17,64,29
"Brandon Pfaadt","694297","2024",80,60,69,72,82,29,82,48,8,56,56,88,36,66,,78,31,93,
"James Paxton","572020","2024",11,19,26,42,9,12,32,40,11,32,5,12,9,27,,11,41,20,2
"Dennis Santana","642701","2024",42,36,41,47,49,50,39,37,60,41,14,42,12,80,,70,72,91,
"Cristian Javier","664299","2024",31,55,40,32,32,34,62,48,50,89,23,14,58,15,,47,16,66,
"Gavin Stone","694813","2024",34,14,37,62,32,21,67,86,6,86,14,51,43,71,,47,63,29,
"Jason Adam","592094","2024",26,67,43,26,20,41,11,84,21,60,47,18,97,60,,24,74,100,
"Zac Gallen","668678","2024",62,52,49,50,70,29,71,6,15,10,75,68,54,66,,61,31,56,31
"Yu Darvish","506433","2024",86,79,85,84,82,50,88,19,16,36,67,66,47,70,,85,46,55,63
"Tanner Banks","621383","2024",42,47,34,31,73,41,23,52,3,40,70,89,38,40,,43,36,42,26
"Kyle Gibson","502043","2024",7,13,9,10,13,1,6,40,21,18,28,29,57,27,,6,11,16,
"Martín Pérez","527048","2024",14,9,10,14,22,1,25,20,17,11,23,66,11,27,,13,11,6,27
"Bryse Wilson","669060","2024",20,27,22,20,22,25,38,25,43,9,35,27,28,19,,20,46,28,39
"Michael Tonkin","543859","2024",41,36,61,76,22,86,90,25,55,23,44,49,62,54,,41,31,73,
"Reynaldo López","625643","2024",62,52,63,69,56,41,79,60,19,48,63,37,67,80,,59,72,8,37
"Jake Bird","656234","2024",22,54,46,43,8,50,51,75,70,30,3,5,24,11,,23,74,8,90
"JoJo Romero","668941","2024",89,71,81,82,87,62,62,73,82,81,79,89,71,62,,89,49,21,
"Michael Kelly","547184","2024",53,37,54,67,44,86,94,94,76,99,15,68,19,77,,51,65,73,
"Joe Mantiply","573009","2024",57,42,37,37,63,34,7,42,13,16,22,56,69,89,,56,2,31,30
"Scott Barlow","605130","2024",62,58,64,68,48,75,75,95,51,88,88,25,98,77,,75,15,58,55
"Miles Mikolas","571945","2024",19,10,11,13,40,4,36,40,18,19,18,85,3,53,,19,29,38,45
"Matthew Liberatore","669461","2024",29,22,28,40,29,41,49,10,31,14,23,30,50,26,,29,63,23,
"Dylan Floro","571670","2024",72,47,81,91,59,94,97,78,44,59,25,43,20,1,,71,4,16,
"Paul Blackburn","621112","2024",30,19,23,34,40,16,43,62,34,52,30,68,54,46,,29,18,25,52
"Joey Wentz","666214","2024",50,34,63,78,36,75,75,52,47,45,76,71,79,92,,47,52,55,
"Jhony Brito","666745","2024",36,11,24,48,49,41,60,67,30,56,3,85,6,6,,31,88,26,
"Kevin Gausman","592332","2024",13,9,12,15,30,6,14,37,50,48,50,79,49,81,,14,46,51,
"José Berríos","621244","2024",20,21,20,21,29,4,31,8,7,8,36,59,16,67,,21,44,20,
"Frankie Montas","593423","2024",27,37,31,32,29,29,56,52,18,29,13,34,15,51,,27,57,63,
"Nathan Eovaldi","543135","2024",67,82,90,90,48,41,71,40,45,34,73,19,87,69,,66,74,41,4
"Stephen Kolek","663568","2024",28,15,35,58,27,75,85,82,13,31,23,65,16,14,,28,68,40,
"Cristopher Sánchez","650911","2024",56,23,69,89,37,25,69,34,27,41,49,46,41,86,,55,54,24,
"Lance Lynn","458681","2024",30,38,25,19,37,6,15,54,6,69,44,31,44,38,,29,16,90,
"Hunter Brown","686613","2024",27,20,48,70,16,50,84,23,10,43,53,17,47,33,,27,72,58,50
"Tyler Kinley","641755","2024",2,5,3,7,2,41,15,75,18,47,31,9,88,40,,2,77,72,
"Chris Flexen","623167","2024",34,31,22,19,53,16,44,50,37,81,23,54,15,37,,34,15,22,50
"Louie Varland","686973","2024",1,1,1,2,1,29,3,2,10,2,40,27,6,1,,1,77,35,34
"Carson Fulmer","608334","2024",41,74,52,36,21,50,31,80,57,94,52,8,51,71,,51,29,67,
"Dylan Cease","656302","2024",76,89,62,31,85,2,10,42,14,65,90,45,92,66,,76,92,98,81
"Matt Waldron","663362","2024",49,51,41,34,62,12,32,75,14,80,50,46,18,6,,48,7,9,
"José Soriano","667755","2024",51,71,69,63,36,16,33,30,45,19,47,19,46,42,,51,97,6,34
"Joe Ross","605452","2024",36,36,34,38,44,9,21,40,34,28,28,45,79,51,,35,61,21,
"Colin Rea","607067","2024",10,5,12,25,15,2,20,27,43,44,14,54,12,7,,10,23,28,
"Jay Jackson","543351","2024",55,45,51,56,59,62,68,70,57,32,62,49,58,20,,53,16,49,
"Alec Marsh","679525","2024",45,32,36,43,56,29,67,50,12,59,39,68,46,51,,42,49,94,62
"Kevin Ginkel","656464","2024",41,25,32,46,50,75,79,25,68,37,34,76,30,76,,40,77,83,
"Ryan Helsley","664854","2024",100,99,99,99,100,94,95,70,65,95,82,93,95,95,,100,99,97,
"Bailey Falter","663559","2024",18,21,8,6,46,2,15,27,13,21,9,73,20,23,,18,14,5,3
"James McArthur","663704","2024",32,23,20,16,61,34,10,23,61,24,70,95,92,74,,32,63,37,83
"Freddy Peralta","642547","2024",42,55,46,42,46,9,11,89,33,71,89,49,91,38,,43,55,93,
"Michael Soroka","647336","2024",7,12,14,14,7,4,20,42,5,52,9,11,11,21,,7,26,83,
"Jared Shuster","694363","2024",83,71,79,78,82,62,53,89,89,95,11,65,30,9,,83,20,31,
"Emerson Hancock","676106","2024",7,6,8,15,11,16,21,37,26,5,11,61,21,22,,6,40,76,
"Michael Wacha","608379","2024",59,38,59,70,57,21,72,85,51,84,34,59,25,37,,58,37,15,22
"Tyler Rogers","643511","2024",90,58,74,78,92,75,88,97,54,89,14,100,2,85,,88,1,1,
"Alex Wood","622072","2024",3,4,10,20,2,16,36,2,57,6,21,28,17,2,,3,7,2,
"Dakota Hudson","641712","2024",14,13,28,51,6,21,64,27,15,19,4,12,8,4,,15,7,10,45
"Josh Fleming","676596","2024",23,13,44,71,14,75,80,88,80,86,10,25,18,93,,24,7,1,
"Garrett Crochet","676979","2024",97,95,93,78,97,29,72,85,30,73,94,79,76,65,,97,92,94,
"Will Vest","676684","2024",41,12,42,70,42,94,97,34,85,80,5,78,38,58,,40,65,17,
"Yoshinobu Yamamoto","808967","2024",64,47,56,62,75,6,25,42,51,15,79,83,68,82,,64,74,26,70
"Ian Hamilton","641656","2024",45,24,62,84,24,75,84,18,67,51,28,41,82,89,,44,80,26,
"Ben Lively","594902","2024",48,47,33,29,64,21,27,4,39,14,64,56,28,4,,47,5,6,6
"Hunter Gaddis","683769","2024",80,76,72,63,84,75,80,78,31,50,58,88,60,81,,78,83,69,
"Anthony Molina","683627","2024",3,1,7,51,1,75,77,5,35,6,3,35,1,2,,3,58,15,
"Trevor Rogers","669432","2024",15,8,19,38,10,12,49,4,39,7,25,26,41,71,,17,18,85,
"Kyle Harrison","690986","2024",42,52,37,30,53,6,32,29,6,29,42,50,33,30,,42,29,42,
"Zach Eflin","621107","2024",63,32,34,42,83,4,49,42,7,32,22,98,20,66,,63,14,23,47
"A.J. Puk","640462","2024",5,17,36,57,1,86,92,95,34,85,8,1,19,15,,7,41,28,
"Kevin Kelly","687330","2024",89,78,72,62,95,86,89,91,41,81,62,99,9,29,,86,8,32,
"Derek Law","571882","2024",54,24,60,82,46,62,83,70,75,42,50,63,69,92,,52,61,12,
"Ryan Yarbrough","642232","2024",75,73,64,55,75,41,72,86,19,96,1,81,4,50,,75,1,1,10
"Seth Martinez","661527","2024",67,68,74,73,55,62,80,60,60,37,7,37,54,19,,68,7,14,
"Javier Assad","665871","2024",69,71,71,66,68,21,62,56,51,55,42,38,5,24,,77,17,1,33
"Albert Suárez","544150","2024",86,81,79,68,85,75,84,37,24,41,44,77,72,54,,85,68,78,
"Jorge López","605347","2024",51,64,57,54,39,50,53,66,57,61,21,27,22,4,,47,68,4,
"Grayson Rodriguez","680570","2024",46,62,36,21,62,25,39,37,43,24,73,41,77,46,,45,86,53,75
"Tyler Alexander","641302","2024",23,25,13,8,56,2,12,52,9,46,27,77,7,60,,23,2,47,
"David Bednar","670280","2024",27,49,18,6,56,41,15,54,50,65,67,68,72,92,,20,92,95,32
"Casey Mize","663554","2024",36,15,25,41,53,12,45,11,7,13,19,82,23,45,,56,74,45,7
"Hayden Wesneski","669713","2024",84,58,82,89,80,75,92,82,15,76,38,82,31,64,,78,44,15,
"Jared Jones","683003","2024",81,74,54,38,93,9,23,25,35,23,88,95,95,97,,81,94,96,66
"Jordan Leasure","673929","2024",66,74,68,59,64,75,75,70,37,79,34,31,59,46,,55,83,55,
"Spencer Arrighetti","681293","2024",23,21,32,52,17,41,69,56,1,55,56,21,64,32,,24,46,64,80
"JP Sears","676664","2024",28,32,16,9,54,1,15,13,13,27,20,65,22,50,,28,18,8,
"Tayler Scott","605463","2024",86,86,96,97,64,94,96,92,16,88,80,18,80,27,,92,29,24,
"Jordan Wicks","696136","2024",46,53,46,44,50,41,33,34,66,38,72,49,72,89,,45,28,53,
"Chris Sale","519242","2024",93,84,85,81,93,50,90,95,8,94,92,95,86,97,,93,58,38,
"Taijuan Walker","592836","2024",3,13,1,1,27,12,1,13,5,19,20,73,5,13,,3,11,5,
"Bryan Hudson","663542","2024",97,95,98,97,92,98,98,52,60,76,92,65,55,54,,98,16,69,
"Randy Vásquez","681190","2024",9,1,6,27,18,34,36,48,43,71,5,91,18,29,,9,57,79,97
"Mitch Keller","656605","2024",25,25,28,35,32,6,46,42,8,25,40,61,26,64,,25,50,88,69
"Max Fried","608331","2024",60,53,72,78,46,29,74,97,8,93,29,32,34,51,,59,46,27,82
"Jameson Taillon","592791","2024",64,67,53,45,77,34,64,60,14,69,12,63,8,68,,64,26,61,72
"Bailey Ober","641927","2024",71,69,55,44,85,12,23,52,45,52,74,84,41,83,,71,18,65,
"Griffin Canning","656288","2024",17,20,18,16,21,2,21,6,26,31,13,36,27,55,,18,37,14,24
"Seth Lugo","607625","2024",63,56,35,25,81,2,33,37,5,47,51,82,37,44,,62,26,81,100
"Zack Wheeler","554430","2024",91,91,87,76,86,21,64,85,51,80,84,56,78,79,,90,61,76,67
"Charlie Morton","450203","2024",54,69,62,55,46,16,39,80,24,78,66,30,49,35,,61,44,50,95
"Logan Gilbert","669302","2024",66,64,53,47,73,12,56,20,9,57,66,58,76,51,,66,82,5,11
"Reese Olson","681857","2024",65,51,73,81,56,29,72,13,35,12,42,54,64,72,,65,55,33,59
"Logan Webb","657277","2024",21,5,27,67,18,6,60,8,1,1,31,73,6,68,,21,18,4,
"Tyler Glasnow","607192","2024",92,88,83,73,91,16,46,37,1,50,96,71,76,33,,91,86,97,86
"Jack Flaherty","656427","2024",83,63,76,78,84,34,77,62,11,65,95,94,97,73,,83,44,49,42
"Luke Weaver","596133","2024",81,85,77,60,86,62,72,52,59,33,82,87,68,86,,81,65,89,
"Bryan Abreu","650556","2024",50,84,73,56,32,62,53,37,78,48,92,14,93,21,,38,89,73,
"Cole Irvin","608344","2024",44,25,29,40,64,16,36,37,63,40,17,85,4,13,,44,18,10,13
"Bryce Miller","682243","2024",38,51,21,11,66,1,5,5,41,12,68,56,55,22,,38,65,91,
"Cal Quantrill","615698","2024",50,38,54,63,45,12,56,33,27,38,25,41,14,15,,44,40,36,41
"Joe Boyle","671212","2024",25,56,57,58,8,62,76,73,50,44,50,2,60,1,,26,90,92,
"Landon Knack","689017","2024",65,74,52,36,72,62,61,1,50,4,31,63,47,11,,65,31,86,
"Mitchell Parker","680730","2024",57,38,39,38,75,25,43,23,51,25,41,81,21,80,,56,25,30,15
"Nick Lodolo","666157","2024",77,82,77,63,78,34,39,46,54,54,89,75,93,85,,77,44,77,68
"Nick Mears","683232","2024",54,67,79,78,25,86,90,25,78,85,60,6,35,16,,52,90,58,36
"José Ureña","570632","2024",60,38,58,69,55,25,53,48,29,56,10,51,44,46,,59,80,39,
"Tanner Bibee","676440","2024",38,44,23,15,61,6,25,46,49,58,69,63,59,17,,38,58,78,71
"Bryan Hoeing","663773","2024",20,9,19,35,31,62,55,25,41,30,42,72,26,69,,21,54,4,
"Declan Cronin","686539","2024",67,55,83,92,31,86,93,16,24,2,62,21,83,45,,66,37,97,
"Steven Matz","571927","2024",6,2,13,40,5,34,56,66,4,88,5,43,3,12,,6,49,35,
"Bryce Jarvis","686826","2024",28,47,50,53,8,62,77,13,10,18,18,3,34,27,,28,80,22,
"Jason Foley","671345","2024",32,27,30,38,37,62,56,18,3,26,38,41,28,16,,70,93,11,
"Simeon Woods Richardson","680573","2024",49,38,25,19,74,29,35,40,84,26,36,85,8,24,,48,34,39,
"Clarke Schmidt","657376","2024",59,66,60,56,61,16,45,60,22,75,77,58,80,23,,55,55,97,94
"Spencer Turnbull","605513","2024",39,35,40,45,42,29,49,75,64,21,64,59,41,17,,38,18,89,76
"Pablo López","641154","2024",76,67,53,44,88,9,35,67,18,48,80,91,71,55,,76,58,36,60
"Austin Gomber","596295","2024",35,30,24,26,49,4,23,42,44,58,17,50,21,17,,35,4,33,55
"Chris Stratton","608717","2024",42,49,80,89,14,75,74,99,38,97,38,5,38,38,,42,17,86,98
"Hoby Milner","571948","2024",80,64,71,72,78,75,80,86,45,93,69,72,8,13,,81,1,3,
"Nestor Cortes","641482","2024",89,82,76,61,92,16,67,23,12,31,55,84,41,51,,89,14,66,
"Nick Anderson","623433","2024",11,7,27,61,1,86,92,56,23,76,6,9,2,10,,5,55,21,5
"Matt Sauer","669422","2024",13,31,18,11,12,41,25,20,12,26,1,12,2,29,,14,68,22,51
"Shota Imanaga","684007","2024",92,76,80,75,92,21,59,60,41,44,79,90,86,96,,91,18,89,
"Ranger Suárez","624133","2024",95,86,94,92,92,34,84,97,38,94,78,84,34,86,,95,13,3,13
"Zack Littell","641793","2024",72,49,56,59,81,16,64,56,8,78,58,93,42,74,,70,26,7,
"Elvis Peguero","665625","2024",50,17,63,89,28,75,79,20,68,13,54,38,59,89,,50,90,2,
"J.P. France","641585","2024",11,17,7,6,20,29,28,70,6,84,23,31,53,11,,10,21,77,54
"Sonny Gray","543243","2024",75,69,56,48,84,25,49,30,59,79,89,81,72,41,,74,34,95,74
"Quinn Priester","682990","2024",19,17,15,12,34,34,55,23,29,2,7,51,31,41,,19,34,20,61
"Adbert Alzolay","640470","2024",2,7,1,2,13,25,1,3,35,54,20,53,33,59,,2,58,52,
"Hunter Stratton","676702","2024",96,93,88,73,97,50,32,92,73,95,82,95,91,73,,96,77,99,
"Shawn Armstrong","542888","2024",46,32,52,67,37,62,59,7,54,29,82,32,39,24,,45,36,53,
"Ryne Nelson","669194","2024",16,3,9,23,26,29,55,13,24,23,14,83,10,82,,16,70,65,
"José Buttó","676130","2024",35,74,60,51,22,34,51,56,9,35,64,10,81,51,,35,37,64,
"Justin Slaten","686580","2024",78,53,82,92,79,86,94,75,64,62,66,91,65,90,,78,84,83,
"Hunter Greene","668881","2024",91,92,95,90,77,41,86,82,9,84,76,32,73,59,,90,97,82,
"Rafael Montero","606160","2024",22,23,23,30,26,50,45,48,38,68,10,66,8,69,,23,70,76,
"Ryan Pepiot","686752","2024",81,89,69,41,88,29,29,25,50,35,84,56,90,24,,81,61,77,
"Jalen Beeks","656222","2024",69,86,68,46,66,75,80,92,27,74,17,15,13,6,,70,55,32,
"Alex Faedo","656412","2024",71,66,68,68,72,41,46,34,13,59,49,53,93,90,,71,42,87,
"Yuki Matsui","673513","2024",54,58,71,75,21,75,76,89,72,51,21,6,73,42,,47,20,81,
"Jose Quintana","500779","2024",8,4,12,27,10,16,56,23,9,10,11,43,13,24,,9,5,10,16
"Marcus Stroman","573186","2024",27,45,27,18,32,9,42,42,2,61,38,21,37,41,,27,6,56,
"Jacob Latz","656641","2024",48,67,49,36,43,62,62,86,41,62,38,19,73,54,,51,58,70,
"Jordan Hicks","663855","2024",57,55,57,58,59,16,56,27,54,44,25,54,31,31,,56,70,2,
"Luis L. Ortiz","682847","2024",51,87,58,29,43,34,28,48,19,44,21,15,23,18,,59,70,63,
"Sixto Sánchez","664350","2024",26,17,43,63,17,50,77,32,61,25,2,43,1,18,,26,52,21,
"Luis García","472610","2024",53,42,51,56,57,62,62,7,70,25,47,66,65,97,,74,89,27,
"Ronel Blanco","669854","2024",79,88,85,75,72,34,72,70,37,72,59,20,69,60,,80,42,37,
"Ryan Thompson","657044","2024",99,91,96,95,99,94,96,70,50,81,56,97,18,99,,99,8,13,
"Luis Gil","661563","2024",81,93,94,87,66,41,74,67,22,89,89,9,83,18,,81,88,94,
"Tyler Anderson","542881","2024",21,34,16,8,38,1,14,84,28,67,21,37,58,64,,22,2,32,
"Kyle Muller","666205","2024",60,38,35,35,71,29,29,16,3,35,33,82,16,14,,59,29,79,12
"Tommy Henry","674072","2024",9,10,11,13,16,21,12,2,10,11,25,46,9,33,,9,6,24,17
"George Kirby","669923","2024",68,55,31,21,88,4,31,56,11,81,56,97,33,76,,68,77,40,39
"Luis Castillo","622491","2024",74,56,59,59,78,12,55,23,21,41,75,77,64,67,,73,77,30,
"Burch Smith","572143","2024",44,27,52,71,38,50,64,20,73,16,29,58,35,36,,35,57,60,28
"Matt Manning","666159","2024",29,21,30,47,30,29,29,66,10,72,27,32,37,40,,29,46,44,
"Michael King","650633","2024",34,49,28,18,40,9,33,87,27,71,71,21,69,22,,32,31,59,
"Patrick Corbin","571578","2024",3,1,4,18,5,1,33,10,29,4,4,46,12,42,,8,13,16,
"Brandon Bielak","656232","2024",7,7,5,9,14,34,29,54,51,63,1,61,4,10,,7,23,67,
"Mitch Spence","687765","2024",77,60,78,82,73,50,69,70,73,61,46,71,60,84,,77,,,88
"Aaron Nola","605400","2024",63,41,56,66,66,12,62,46,5,48,55,66,31,74,,63,12,37,56
"Robert Gasser","688107","2024",85,29,86,98,72,94,96,97,63,100,1,98,20,76,,,32,17,
"Erick Fedde","607200","2024",68,69,53,42,79,9,46,70,15,60,47,75,26,15,,68,37,4,
"Ryan Walker","676254","2024",83,78,86,86,77,86,92,89,51,73,97,91,86,62,,81,65,52,
"Joe Musgrove","605397","2024",5,8,8,14,8,6,14,37,37,53,37,56,68,57,,3,25,99,85
"Kenta Maeda","628317","2024",15,17,5,5,34,16,11,70,26,71,19,59,27,40,,16,4,57,
"Trevor Williams","592866","2024",69,63,69,70,72,34,76,37,61,28,31,56,15,38,,70,2,19,
"José Alvarado","621237","2024",89,84,87,86,82,86,89,46,29,27,65,45,44,96,,85,96,18,
"Luis Severino","622663","2024",56,64,66,68,43,34,82,82,27,51,37,25,28,55,,53,83,29,
"Brady Singer","663903","2024",41,37,34,37,52,9,36,32,61,34,72,61,44,29,,41,21,54,
"Mitch White","669952","2024",2,6,2,3,2,34,25,29,2,29,2,12,2,59,,2,49,51,58
"Andrew Heaney","571760","2024",46,58,30,16,70,12,31,8,19,16,53,79,60,70,,45,12,84,
"Ross Stripling","548389","2024",38,7,37,77,32,34,89,67,27,81,7,81,10,73,,37,12,18,
"Cooper Criswell","681867","2024",68,64,58,55,77,29,41,48,33,48,60,80,24,70,,66,2,11,
"Kody Funderburk","681892","2024",20,24,44,61,12,50,46,50,21,32,42,29,55,7,,20,34,56,
"Génesis Cabrera","650893","2024",26,16,42,66,8,75,79,10,33,4,6,9,18,46,,26,77,68,
"Logan Allen","663531","2024",65,30,66,84,64,86,93,75,67,54,12,94,16,6,,65,9,1,
"Austin Voth","608723","2024",57,44,46,52,68,62,53,66,54,92,31,91,63,94,,56,42,51,
"Bryce Elder","693821","2024",6,5,13,27,5,29,20,19,54,4,16,34,22,43,,6,4,8,
"Andrew Abbott","671096","2024",89,85,80,67,89,16,66,67,39,87,28,72,12,12,,86,32,45,84
"Tarik Skubal","669373","2024",97,92,88,73,99,25,62,89,57,89,92,93,87,94,,97,89,31,
"Justin Verlander","434378","2024",50,68,41,23,61,16,10,54,1,92,27,29,21,31,,50,46,86,71
"Brent Suter","608718","2024",36,26,27,33,48,41,46,89,20,92,41,61,24,45,,35,1,33,
"Anthony Bender","669622","2024",7,4,12,29,7,41,18,62,4,31,70,61,49,58,,8,74,48,
"Ryan Weathers","677960","2024",39,51,40,33,38,6,38,18,43,42,31,54,50,21,,38,80,67,
"Logan Allen","671106","2024",31,27,23,26,46,6,32,11,10,15,33,63,31,19,,31,10,19,
"DL Hall","669084","2024",1,3,3,10,1,50,36,50,20,37,11,16,24,37,,1,23,13,45
"Zack Thompson","668868","2024",23,32,23,21,29,34,5,46,5,37,63,35,39,86,,24,8,1,65
"Emmanuel Clase","661403","2024",95,71,88,94,94,75,80,54,51,74,74,97,71,98,,94,,,
"Peter Lambert","663567","2024",37,31,46,58,28,50,72,75,47,70,19,32,59,38,,37,55,44,
"Nick Martinez","607259","2024",72,27,64,82,75,62,93,92,21,96,21,96,43,98,,72,20,75,57
"Jared Koenig","657649","2024",88,73,83,85,80,75,82,16,17,68,5,84,1,31,,88,50,63,43
"Hunter Harvey","640451","2024",78,53,83,93,68,98,98,34,70,7,84,71,68,92,,78,96,9,
"Cole Ragans","666142","2024",65,44,67,77,59,25,69,62,51,74,78,56,85,72,,65,85,96,40
"Sean Manaea","640455","2024",38,38,45,53,30,21,49,37,34,44,41,24,43,35,,37,23,8,
"Dean Kremer","665152","2024",14,32,7,4,40,1,5,56,7,45,59,43,39,32,,15,34,46,76
"Dylan Lee","669276","2024",88,66,77,78,75,62,64,64,32,77,46,53,84,97,,87,15,49,
"Dane Dunning","641540","2024",12,36,7,4,20,6,2,2,34,6,81,20,84,46,,11,5,23,
"José Suarez","660761","2024",25,51,48,48,14,34,23,89,72,52,55,7,81,37,,25,28,64,
"Jesús Luzardo","666200","2024",39,49,29,19,57,9,5,12,3,20,76,40,86,49,,40,80,39,
"Chris Bassitt","605135","2024",19,16,28,46,14,9,28,48,34,36,42,23,14,12,,19,28,20,20
"Triston McKenzie","663474","2024",23,53,28,15,24,9,18,30,33,56,37,8,29,11,,24,10,44,14
"Jake Irvin","663623","2024",31,16,19,23,54,9,41,8,4,18,24,90,23,31,,30,52,73,49
"Keaton Winn","676775","2024",12,12,10,11,19,12,23,1,14,2,25,46,31,88,,13,74,60,
"Buck Farmer","571656","2024",57,67,58,53,62,50,49,81,82,63,36,75,52,82,,56,21,79,
"Reid Detmers","672282","2024",63,66,55,50,70,2,15,42,38,58,68,51,76,72,,62,52,25,44
"Wandy Peralta","593974","2024",19,27,26,29,30,41,21,19,65,12,10,76,13,46,,19,70,31,
"Tim Hill","657612","2024",68,45,89,97,34,94,96,87,63,67,3,30,1,24,,68,3,24,
"Pedro Avila","658648","2024",5,3,12,27,4,62,61,16,27,47,65,34,64,79,,4,46,61,76
"Easton Lucas","687922","2024",,,,,,,,,96,,,,,,,,54,42,
"Dedniel Núñez","673380","2024",,,,,,,,,59,,,,,,,,83,93,
"Tyler Ferguson","621053","2024",,,,,,,,,59,,,,,,,,68,57,
"Sam Moll","594580","2024",,,,,,,,,88,,,,,,,,23,91,
"Kyle Nicolas","693312","2024",,,,,,,,,39,,,,,,,,97,87,
"José Ruiz","614179","2024",,,,,,,,,73,,,,,,,,85,43,
"Eduard Bazardo","660825","2024",,,,,,,,,68,,,,,,,,41,15,
"Paul Skenes","694973","2024",,,,,,,,,66,,,,,,,,100,70,
"Jacob Lopez","682052","2024",,,,,,,,,94,,,,,,,,7,25,
"Chris Roycroft","688297","2024",,,,,,,,,51,,,,,,,,90,30,
"Josh Walker","677020","2024",,,,,,,,,95,,,,,,,,41,35,
"Chad Green","643338","2024",,,,,,,,,67,,,,,,,,72,95,
"Luis Frías","666818","2024",,,,,,,,,73,,,,,,,,83,38,
"Chase Silseth","681217","2024",,,,,,,,,64,,,,,,,,44,87,
"Tylor Megill","656731","2024",,,,,,,,,85,,,,,,,,82,35,
"Gus Varland","681402","2024",,,,,,,,,89,,,,,,,,63,61,
"Nick Burdi","595897","2024",,,,,,,,,54,,,,,,,,95,83,
"Kent Emanuel","592288","2024",,,,,,,,,6,,,,,,,,3,6,
"Janson Junk","676083","2024",,,,,,,,,59,,,,,,,,50,69,
"Richard Lovelady","663992","2024",,,,,,,,,66,,,,,,,,21,33,
"Tyler Duffey","608648","2024",,,,,,,,,85,,,,,,,,11,77,52
"Pete Fairbanks","664126","2024",,,,,,,,,65,,,,,,,,93,75,
"Eli Morgan","669212","2024",,,,,,,,,92,,,,,,,,21,59,
"Jeremiah Estrada","669093","2024",,,,,,,,,89,,,,,,,,90,29,
"Grant Anderson","681982","2024",,,,,,,,,89,,,,,,,,23,56,
"J.P. Feyereisen","656420","2024",,,,,,,,,13,,,,,,,,16,88,
"Shane Bieber","669456","2024",,,,,,,,,30,,,,,,,,20,67,
"Randy Rodríguez","678495","2024",,,,,,,,,93,,,,,,,,96,99,
"Nick Nastrini","680897","2024",,,,,,,,,69,,,,,,,,37,82,
"Spencer Strider","675911","2024",,,,,,,,,67,,,,,,,,86,53,
"Sean Reid-Foley","656887","2024",,,,,,,,,73,,,,,,,,72,41,
"Aroldis Chapman","547973","2024",64,99,94,68,26,86,46,42,77,76,99,1,97,3,,63,94,62,
"Bobby Miller","676272","2024",,,,,,,,,82,,,,,,,,97,73,
"Hogan Harris","663687","2024",,,,,,,,,79,,,,,,,,52,64,
"Ray Kerr","678061","2024",,,,,,,,,59,,,,,,,,68,65,1
"Mason Miller","695243","2024",100,100,100,99,100,98,98,98,95,100,100,68,100,100,,100,100,96,
"Carson Spiers","686730","2024",,,,,,,,,84,,,,,,,,25,53,
"Joey Estes","683155","2024",,,,,,,,,45,,,,,,,,25,88,
"Braxton Garrett","666129","2024",,,,,,,,,70,,,,,,,,4,12,
"Jorge Alcala","660896","2024",,,,,,,,,90,,,,,,,,88,86,
"Jonathan Hernández","642546","2024",,,,,,,,,37,,,,,,,,93,42,
"Giovanny Gallegos","606149","2024",,,,,,,,,80,,,,,,,,21,62,
"Wes Parsons","641149","2024",,,,,,,,,70,,,,,,,,58,72,
"Cionel Pérez","672335","2024",,,,,,,,,16,,,,,,,,82,18,
"Brock Stewart","592779","2024",,,,,,,,,23,,,,,,,,94,98,
"Justin Wilson","458677","2024",,,,,,,,,76,,,,,,,,65,45,
"Zach Pop","647315","2024",,,,,,,,,37,,,,,,,,86,59,
"Drew Smith","622098","2024",,,,,,,,,61,,,,,,,,63,95,
"Ron Marinaccio","676760","2024",,,,,,,,,84,,,,,,,,32,30,
"Colin Holderman","670059","2024",,,,,,,,,92,,,,,,,,90,51,
"Jacob Waguespack","621097","2024",,,,,,,,,87,,,,,,,,42,24,
"Josiah Gray","680686","2024",,,,,,,,,64,,,,,,,,29,14,
"Justin Martinez","679885","2024",,,,,,,,,85,,,,,,,,100,35,
"Daniel Palencia","694037","2024",,,,,,,,,63,,,,,,,,96,36,
"Xzavion Curry","675540","2024",,,,,,,,,34,,,,,,,,26,20,
"Nick Ramirez","598286","2024",,,,,,,,,54,,,,,,,,1,10,
"Manuel Rodríguez","655889","2024",,,,,,,,,80,,,,,,,,84,46,
"Keegan Thompson","624522","2024",,,,,,,,,1,,,,,,,,46,94,
"Gabe Speier","642100","2024",81,95,98,96,34,86,66,93,45,93,92,4,84,68,,89,37,22,
"Jake Diekman","518617","2024",78,98,99,99,19,98,98,99,96,97,94,1,96,13,,73,52,46,
"Colten Brewer","605155","2024",,,,,,,,,19,,,,,,,,50,42,87
"Zack Kelly","677161","2024",,,,,,,,,66,,,,,,,,85,25,
"Kyle Leahy","681517","2024",,,,,,,,,85,,,,,,,,72,43,
"Luke Little","681432","2024",,,,,,,,,61,,,,,,,,85,48,
"Miguel Castro","612434","2024",,,,,,,,,38,,,,,,,,72,38,
"Darius Vines","670241","2024",,,,,,,,,70,,,,,,,,8,46,
"Ryan Brasier","518489","2024",,,,,,,,,75,,,,,,,,55,44,
"Luke Jackson","592426","2024",,,,,,,,,69,,,,,,,,63,48,
"Colin Poche","621363","2024",,,,,,,,,57,,,,,,,,9,44,
"Ryder Ryan","656924","2024",,,,,,,,,75,,,,,,,,57,70,
"George Soriano","666277","2024",,,,,,,,,17,,,,,,,,58,12,
"Evan Phillips","623465","2024",,,,,,,,,96,,,,,,,,85,77,
"Caleb Thielbar","573204","2024",,,,,,,,,73,,,,,,,,35,48,35
"Craig Kimbrel","518886","2024",60,85,76,57,44,62,8,20,78,2,98,14,89,2,,59,52,75,60
"Trevor Megill","656730","2024",,,,,,,,,84,,,,,,,,98,92,73
"Pierce Johnson","572955","2024",,,,,,,,,72,,,,,,,94,,,93
"Kyle Bradish","680694","2024",94,97,98,95,80,94,94,94,90,99,80,32,47,12,,93,68,50,
"Jose Cuas","621016","2024",,,,,,,,,61,,,,,,,,21,88,
"Tyler Matzek","554431","2024",,,,,,,,,73,,,,,,,,42,83,
"Jordan Romano","605447","2024",,,,,,,,,81,,,,,,,,88,49,
"Dillon Tate","622253","2024",,,,,,,,,19,,,,,,,,15,3,
"Nick Avila","687014","2024",,,,,,,,,49,,,,,,,,55,38,
"Joe Kelly","523260","2024",,,,,,,,,43,,,,,,,,97,27,
"John King","667463","2024",,,,,,,,,80,,,,,,,,34,28,
"Orion Kerkering","689147","2024",,,,,,,,,90,,,,,,,,95,75,
"Tayler Saucedo","642048","2024",,,,,,,,,85,,,,,,,,13,69,
"Nick Robertson","687798","2024",,,,,,,,,47,,,,,,,,57,16,
"Lucas Sims","608371","2024",14,64,9,2,25,50,3,30,39,67,73,6,50,33,,15,46,98,
"Yency Almonte","622075","2024",79,89,92,85,55,75,42,97,72,84,86,16,84,56,,80,46,25,
"Drew Smyly","592767","2024",,,,,,,,,22,,,,,,,,34,16,8
"Robert Garcia","676395","2024",88,82,94,95,66,86,76,79,59,86,89,23,44,54,,87,50,32,
"Bryan Woo","693433","2024",,,,,,,,,88,,,,,,,,63,45,
"Tyler Beede","595881","2024",28,56,74,80,7,86,76,42,47,16,73,12,80,62,,28,36,1,8
"Fernando Cruz","518585","2024",84,86,93,90,59,94,94,23,67,16,100,9,100,89,,81,63,62,
"Joely Rodríguez","570257","2024",,,,,,,,,49,,,,,,,,3,1,
"Austin Adams","613534","2024",75,90,97,97,39,86,76,99,84,99,87,30,96,36,,74,50,100,
"Yimi García","554340","2024",99,99,97,70,99,75,44,30,26,61,97,42,71,99,,99,88,94,87
"Andre Pallante","669467","2024",,,,,,,,,79,,,,,,,,70,41,
"Kirby Yates","489446","2024",98,97,99,99,89,98,98,52,86,81,93,18,94,76,,98,35,78,
"Garrett Cleavinger","664076","2024",81,92,98,98,40,94,94,100,82,98,98,7,89,65,,85,80,81,
"Tom Cosgrove","676680","2024",,,,,,,,,90,,,,,,,,6,72,
"Anthony Maldonado","687424","2024",,,,,,,,,39,,,,,,,,31,84,
"Mike Clevinger","605182","2024",,,,,,,,,8,,,,,,,,37,76,
"Kai-Wei Teng","678906","2024",,,,,,,,,59,,,,,,,,31,62,
"Roddery Muñoz","682610","2024",1,14,1,1,18,25,1,16,33,8,83,24,65,54,,1,70,47,
"Adam Ottavino","493603","2024",96,98,88,56,97,62,18,99,39,90,98,50,62,63,,95,23,57,
"John Brebbia","605154","2024",16,17,9,7,35,62,18,60,43,41,82,85,69,94,,16,46,69,
"Jack Leiter","683004","2024",,,,,,,,,45,,,,,,,,80,68,
"Walker Buehler","621111","2024",,,,,,,,,39,,,,,,,,74,51,
"Kenley Jansen","445276","2024",42,69,74,72,25,50,6,15,73,15,84,8,71,2,,45,,,
"Matt Strahm","621381","2024",94,71,74,72,96,62,18,64,37,27,99,98,50,80,,95,34,92,
"Abner Uribe","682842","2024",28,27,67,85,2,75,51,85,12,8,42,2,57,2,,28,99,65,
"Andrew Chafin","605177","2024",59,72,59,48,59,62,21,75,78,93,60,20,71,98,,58,16,31,
"Blake Snell","605483","2024",,,,,,,,,28,,,,,,,,74,90,
"Matt Bowman","621199","2024",,,,,,,,,27,,,,,,,,23,19,
"Shawn Dubin","681869","2024",71,69,93,96,40,98,98,70,21,32,41,19,88,10,,71,63,75,
"Deivi García","665620","2024",31,60,44,33,16,75,56,34,55,69,47,3,90,16,,31,70,52,
"Lucas Erceg","668674","2024",70,85,66,46,59,62,25,89,68,81,94,26,94,80,,64,99,11,
"Edwin Díaz","621242","2024",85,94,76,37,88,62,25,95,61,81,97,39,98,84,,85,92,71,
"Danny Coulombe","543056","2024",89,73,71,63,95,86,80,19,80,2,80,95,39,77,,89,9,81,
"Yunior Marte","628708","2024",,,,,,,,,49,,,,,,,,80,73,
"Landen Roupp","694738","2024",4,7,13,21,3,50,8,32,39,54,29,14,77,27,,4,57,14,92
"Dany Jiménez","666204","2024",32,94,67,25,19,50,8,94,45,99,15,1,60,5,,32,23,28,
"José Cisnero","542585","2024",5,12,6,6,11,62,25,81,68,39,63,24,44,26,,5,74,73,
"Steven Okert","595345","2024",36,42,37,35,21,75,56,84,47,88,60,16,44,4,,35,31,42,
"Gregory Soto","642397","2024",20,45,31,27,12,50,8,3,35,2,50,11,82,59,,21,95,51,
"Erik Swanson","657024","2024",,,,,,,,,26,,,,,,,,42,57,
"Jacob Barnes","606930","2024",,,,,,,,,75,,,,,,,,68,93,
"Bowden Francis","670102","2024",5,11,4,5,11,34,1,46,23,11,67,27,41,8,,4,42,80,24
"Cam Booser","592155","2024",95,91,76,48,98,62,28,66,88,59,87,88,91,99,,95,77,12,
"Mason Black","696131","2024",,,,,,,,,29,,,,,,,,14,17,
"Ricardo Pinto","620982","2024",,,,,,,,,55,,,,,,,,26,4,
"Josh Hader","623352","2024",93,94,91,76,88,75,61,56,55,63,99,28,97,79,,91,83,46,
"Tyson Miller","668338","2024",74,74,44,23,91,50,10,50,31,63,74,98,73,93,,,5,39,
"Cole Winn","668390","2024",,,,,,,,,18,,,,,,,,77,83,
"Taj Bradley","671737","2024",10,36,2,1,66,25,1,1,2,1,94,90,90,65,,10,84,56,
"Nate Pearson","663878","2024",31,55,62,66,26,75,61,34,59,14,67,20,54,21,,31,95,29,
"Enyel De Los Santos","660853","2024",77,94,39,5,94,41,3,32,70,2,91,68,91,33,,77,70,37,
"Griffin Jax","643377","2024",98,96,97,94,96,86,83,67,54,98,98,41,94,78,,97,92,90,
"Aaron Brooks","605156","2024",,,,,,,,,14,,,,,,,,15,2,
"Alex Vesia","681911","2024",93,100,92,33,83,41,3,70,81,63,88,6,91,56,,92,37,78,
"Dominic Leone","608678","2024",12,35,15,7,9,62,29,79,57,86,44,4,99,73,,13,61,60,
"Victor González","624647","2024",,,,,,,,,24,,,,,,,,37,40,
"Alex Lange","656638","2024",36,63,89,96,4,94,95,7,35,6,65,1,93,45,,35,86,47,18
"Camilo Doval","666808","2024",80,92,95,94,50,75,62,66,1,28,87,4,98,76,,85,97,68,
"Taylor Rogers","573124","2024",34,47,37,32,34,41,4,95,33,96,81,37,84,50,,34,36,17,
"Caleb Ferguson","657571","2024",17,31,17,10,21,41,4,42,63,41,81,24,62,63,,11,46,51,
"Matt Barnes","598264","2024",9,6,5,11,22,62,31,11,1,28,16,71,24,40,,10,13,23,1
"José Leclerc","600917","2024",11,55,37,27,2,75,66,37,11,60,77,2,96,4,,11,68,97,
"Michael Kopech","656629","2024",72,98,90,65,53,62,33,34,47,60,95,7,82,44,,64,99,99,
"Shelby Miller","571946","2024",38,76,60,48,49,62,33,10,65,7,46,43,64,45,,38,32,82,
"Erik Miller","669062","2024",60,92,80,55,42,50,11,3,21,7,91,4,94,3,,59,88,50,
"Andrés Muñoz","662253","2024",92,95,85,57,87,62,33,67,69,24,96,35,99,82,,91,97,11,
"Carlos Estévez","608032","2024",78,63,42,29,85,50,11,2,57,24,71,88,60,19,,84,85,22,
"Jonathan Cannon","686563","2024",12,4,6,15,21,50,11,1,29,7,39,75,19,74,,12,36,12,
"Cade Smith","671922","2024",94,89,95,95,83,86,84,1,61,16,97,50,73,15,,93,74,45,
"Yohan Ramírez","670990","2024",29,19,42,61,16,62,36,54,18,53,55,50,81,27,,52,58,48,
"Cole Sands","663485","2024",30,38,23,16,43,50,13,10,57,40,90,83,56,86,,29,65,56,82
"Chris Martin","455119","2024",72,41,61,73,74,86,84,80,32,53,86,97,76,96,,65,65,29,
"Adam Cimber","643256","2024",45,60,79,82,18,62,36,67,30,78,51,37,3,7,,44,1,59,
"Reed Garrett","657585","2024",99,99,100,99,95,98,98,93,66,91,99,21,99,91,,99,82,68,
"Alek Manoah","666201","2024",57,78,60,47,57,62,36,54,84,65,69,53,59,57,,56,46,68,
"Max Meyer","676974","2024",51,60,25,12,79,41,6,56,16,16,45,87,97,33,,51,55,82,
"Cody Bolton","675989","2024",49,58,46,40,54,62,36,54,14,53,32,26,37,60,,48,63,53,
"Brennan Bernardino","657514","2024",79,89,90,84,57,75,67,92,47,98,65,17,16,1,,80,9,26,64
"Yariel Rodríguez","684320","2024",8,7,18,32,5,75,67,13,57,16,49,20,44,46,,8,52,90,
"Andrew Kittredge","552640","2024",68,45,69,78,68,86,85,62,33,71,78,68,83,99,,69,58,69,
"Tim Herrin","682120","2024",54,62,63,62,44,62,39,16,35,21,76,27,79,92,,53,65,80,25
"Jeff Hoffman","656546","2024",95,90,92,85,90,86,85,15,28,21,95,48,95,88,,97,86,99,
"Alexis Díaz","664747","2024",48,85,87,82,12,86,85,70,87,43,46,3,44,20,,50,46,100,
"Steven Wilson","621051","2024",32,81,49,25,17,50,14,95,41,98,54,3,65,9,,32,36,85,
"Kyle Finnegan","640448","2024",20,27,19,13,20,62,39,62,4,43,54,16,47,43,,21,92,18,
"Tim Mayza","641835","2024",4,15,2,3,13,34,2,27,20,36,25,19,5,1,,4,18,11,
"Aaron Bummer","607481","2024",70,20,83,98,36,98,98,29,21,36,65,50,16,21,,64,41,40,
"Calvin Faucher","676534","2024",26,15,40,62,13,50,15,11,43,48,59,25,50,10,,26,77,54,91
"Christian Scott","681035","2024",76,58,74,80,75,86,86,46,30,75,60,80,73,73,,75,61,55,
"Joel Payamps","606303","2024",45,41,28,23,64,41,6,62,1,48,53,79,52,42,,31,57,79,
"Adrian Morejon","670970","2024",91,76,89,93,88,86,86,98,38,97,96,83,90,91,,84,93,92,
"Yerry Rodríguez","666720","2024",1,11,2,1,3,41,6,25,55,10,9,12,40,7,,1,86,91,
"Phil Maton","664208","2024",6,27,11,5,5,50,15,67,28,48,33,17,80,49,,6,,,97
"Robert Suarez","663158","2024",93,93,72,33,98,50,15,34,63,36,69,80,56,74,,92,98,89,
"A.J. Minter","621345","2024",75,88,37,9,91,50,15,50,39,75,81,71,85,83,,75,65,87,
"Mark Leiter Jr.","643410","2024",87,81,86,84,81,50,15,79,60,48,92,46,94,91,,80,12,3,
"Erasmo Ramírez","541640","2024",45,81,33,10,68,34,2,75,68,90,6,39,11,8,,56,10,37,
"Emilio Pagán","641941","2024",56,64,45,32,69,62,43,5,73,1,88,46,88,85,,55,55,96,
"Trevor Richards","670950","2024",83,96,81,44,87,50,18,88,70,78,85,24,52,66,,83,18,53,
"Tobias Myers","668964","2024",23,60,17,4,44,41,7,48,3,67,64,18,18,92,,16,32,34,
"Joe Jiménez","641729","2024",99,98,99,98,96,98,98,95,49,95,62,37,77,67,,99,54,83,
"Jordan Weems","607179","2024",62,56,84,93,29,86,88,6,22,20,28,10,28,30,,61,80,14,
"Will Smith","519293","2024",8,3,5,15,7,62,43,34,26,78,6,39,36,29,,9,10,34,
"Roansy Contreras","672710","2024",42,38,33,32,35,50,18,12,61,20,45,23,29,14,,43,58,71,
"Ryan Fernandez","681676","2024",60,42,65,75,46,75,69,73,49,90,85,46,87,44,,59,63,18,
"Héctor Neris","593576","2024",17,45,32,29,4,50,18,88,55,55,28,2,33,59,,13,28,80,
"Sean Hjelle","663546","2024",85,58,65,68,91,75,69,40,51,20,65,98,26,86,,84,61,46,3
"Jacob Webb","657097","2024",49,76,57,43,43,41,7,54,44,67,70,11,73,1,,48,32,88,
"Garrett Whitlock","676477","2024",39,38,46,53,35,75,69,34,91,67,51,37,5,62,,40,40,7,
"Andrew Nardi","677053","2024",68,62,74,77,63,75,71,60,66,46,83,48,66,95,,69,52,62,
"David Robertson","502085","2024",85,80,90,91,63,86,88,94,51,87,95,35,73,27,,84,,,66
"Daniel Hudson","543339","2024",88,81,45,16,98,50,21,3,24,1,86,98,88,46,,87,77,89,
"Tyler Wells","669330","2024",1,2,1,1,27,41,8,27,26,15,32,88,59,94,,1,26,81,
"Angel Zerpa","672582","2024",45,49,22,12,78,50,21,8,34,5,74,91,1,2,,38,68,9,
"Edward Cabrera","665795","2024",37,78,49,27,31,41,8,88,63,71,93,7,88,84,,37,82,66,48
"Keegan Akin","669211","2024",98,96,95,87,97,75,71,88,57,71,79,58,51,6,,98,41,85,
"Seranthony Domínguez","622554","2024",41,42,40,40,49,50,21,78,76,81,45,35,33,21,,41,94,74,
"Chris Devenski","606965","2024",13,34,3,2,45,62,45,46,35,46,13,42,62,20,,14,28,70,
"Greg Weissert","669711","2024",97,84,93,93,95,94,95,73,43,63,84,82,20,85,,96,49,30,
"Tanner Rainey","663432","2024",1,2,1,1,1,21,1,12,79,7,4,3,67,33,,1,41,79,
"Scott McGough","543518","2024",16,22,16,13,12,50,23,10,47,51,7,8,67,16,,16,36,79,
"Ryne Stanek","592773","2024",51,64,51,43,55,62,46,37,54,63,36,53,35,81,,44,98,72,
"John Means","607644","2024",21,13,5,6,71,62,46,7,41,1,47,100,73,65,,22,9,84,
"Tanner Scott","656945","2024",72,97,96,88,27,86,89,100,79,89,54,1,78,44,,72,89,98,
"Cody Bradford","674003","2024",94,89,76,54,98,62,46,80,45,76,60,96,63,93,,94,6,21,
"Matt Moore","519043","2024",57,82,51,26,67,50,23,67,41,76,52,29,53,56,,45,35,58,19
"Nick Sandlin","680704","2024",91,96,92,73,83,62,51,30,13,32,86,56,98,62,,90,25,65,
"Ryan Pressly","519151","2024",60,47,49,51,69,50,27,8,4,9,85,65,82,73,,58,44,96,99
"Marco Gonzales","594835","2024",17,9,15,23,26,62,51,32,24,14,12,63,7,90,,17,6,15,